wage,effort,worker_surplus,firm_surplus,total_surplus,firm_surplus_share,session,treatment
60.0,0.28541666666666665,31.208333333333332,18.025000000000002,49.23333333333333,0.3719416662496325,3,Effort Before
