wage,effort,worker_surplus,firm_surplus,total_surplus,firm_surplus_share,session,treatment
39.270833333333336,0.2833333333333333,10.604166666666666,24.45,35.05416666666667,0.6830247406089597,6,Effort After
