wage,effort,worker_surplus,firm_surplus,total_surplus,firm_surplus_share,session,treatment
71.04166666666667,0.35625,40.708333333333336,17.752083333333335,58.46041666666667,0.28652532015649534,4,Effort Before
