wage,effort,worker_surplus,firm_surplus,total_surplus,firm_surplus_share,session,treatment
54.375,0.22083333333333333,26.8125,15.939583333333333,42.75208333333333,0.3654785329124877,7,Effort Before
