wage,effort,worker_surplus,firm_surplus,total_surplus,firm_surplus_share,session,treatment
48.75,0.3458333333333334,18.458333333333332,26.06458333333333,44.52291666666667,0.5347127724671284,4,Effort After
