wage,effort,worker_surplus,firm_surplus,total_surplus,firm_surplus_share,session,treatment
44.479166666666664,0.34375,14.958333333333334,27.15625,42.114583333333336,0.6282322809658468,1,Effort Before
