wage,effort,worker_surplus,firm_surplus,total_surplus,firm_surplus_share,session,treatment
41.354166666666664,0.25625000000000003,12.958333333333334,20.714583333333334,33.672916666666666,0.6108845132857857,1,Effort After
