wage,effort,worker_surplus,firm_surplus,total_surplus,firm_surplus_share,session,treatment
39.148936170212764,0.11914893617021277,12.936170212765957,10.034042553191489,22.97021276595745,0.5095541796555745,2,Effort Before
