wage,effort,worker_surplus,firm_surplus,total_surplus,firm_surplus_share,session,treatment
35.108695652173914,0.21304347826086958,7.6521739130434785,19.3,26.952173913043477,0.6774517460239321,2,Effort After
