wage,effort,worker_surplus,firm_surplus,total_surplus,firm_surplus_share,session,treatment
46.48936170212766,0.3,17.361702127659573,23.3531914893617,40.714893617021275,0.5566124892865452,5,Effort After
