wage,effort,worker_surplus,firm_surplus,total_surplus,firm_surplus_share,session,treatment
61.041666666666664,0.325,31.416666666666668,20.116666666666667,51.53333333333333,0.36122228060693046,5,Effort Before
