wage,effort,worker_surplus,firm_surplus,total_surplus,firm_surplus_share,session,treatment
50.625,0.19166666666666668,23.208333333333332,14.389583333333334,37.59791666666667,0.40400794472930124,6,Effort Before
