wage,effort,worker_surplus,firm_surplus,total_surplus,firm_surplus_share,session,treatment
54.375,0.22916666666666666,26.729166666666668,16.208333333333332,42.9375,0.3914079615512071,7,Effort After
