wage,effort,worker_surplus,firm_surplus,total_surplus,firm_surplus_share,session,treatment
42.5,0.32083333333333336,13.020833333333334,26.133333333333336,39.15416666666667,0.6351782479428629,3,Effort After
